{
 "6月份包装车间产量清单": {
  "nrows": 948,
  "ncols": 11,
  "rows": [
   [
    "包装车间工时清单",
    "",
    "",
    "",
    "",
    "",
    "",
    "",
    "",
    "",
    ""
   ],
   [
    "日期",
    "人员",
    "型号",
    "颜色",
    "工艺",
    "长度",
    "单位",
    "数量",
    "标时/s",
    "时间",
    ""
   ],
   [
    6.1,
    "肖翠英",
    "113-78",
    "喷涂",
    "",
    138.8,
    "支",
    136.0,
    232.0,
    8.764444444444445,
    ""
   ],
   [
    "",
    "吴春勤",
    "113-78",
    "喷涂",
    "",
    138.8,
    "支",
    136.0,
    232.0,
    8.764444444444445,
    ""
   ],
   [
    "",
    "彭显梅",
    "213-567",
    "喷涂",
    "",
    25.0,
    "支",
    160.0,
    20.0,
    0.8888888888888888,
    ""
   ],
   [
    "",
    "",
    "113-78",
    "喷涂",
    "",
    138.8,
    "支",
    136.0,
    232.0,
    8.764444444444445,
    ""
   ],
   [
    "",
    "施建华",
    "113-78",
    "喷涂",
    "",
    138.8,
    "支",
    136.0,
    232.0,
    8.764444444444445,
    ""
   ],
   [
    "",
    "叶富英",
    "113-03",
    "氧化",
    "",
    2000.0,
    "支",
    978.5,
    15.0,
    4.077083333333333,
    ""
   ],
   [
    "",
    "",
    37655.0,
    "氧化",
    "",
    "",
    "支",
    180.0,
    42.0,
    2.1,
    ""
   ],
   [
    "",
    "",
    "105-257",
    "氧化",
    "弯料",
    2053.0,
    "支",
    9.0,
    42.0,
    0.105,
    ""
   ],
   [
    "",
    "",
    "213-567",
    "喷涂",
    "",
    25.0,
    "支",
    436.0,
    20.0,
    2.422222222222222,
    ""
   ],
   [
    "",
    "顾桂凤",
    "105-142",
    "喷涂",
    "",
    "1660/870",
    "支",
    843.0,
    35.0,
    8.195833333333333,
    ""
   ],
   [
    "",
    "",
    "213-553",
    "氧化",
    "",
    780.0,
    "支",
    142.0,
    35.0,
    1.3805555555555555,
    ""
   ],
   [
    "",
    "朱松英",
    "105-142",
    "喷涂",
    "",
    "1660/870",
    "支",
    843.0,
    35.0,
    8.195833333333333,
    ""
   ],
   [
    "",
    "",
    "213-553",
    "氧化",
    "",
    780.0,
    "支",
    142.0,
    35.0,
    1.3805555555555555,
    ""
   ],
   [
    "",
    "李自芬",
    "180瑞德",
    "喷涂",
    "",
    "1150/950",
    "支",
    2395.3333333333335,
    13.0,
    8.649814814814816,
    ""
   ],
   [
    "",
    "应采兰",
    "180瑞德",
    "喷涂",
    "",
    "1150/950",
    "支",
    2395.3333333333335,
    13.0,
    8.649814814814816,
    ""
   ],
   [
    "",
    "应采妹",
    "113-03",
    "氧化",
    "",
    2000.0,
    "支",
    978.5,
    15.0,
    4.077083333333333,
    ""
   ],
   [
    "",
    "",
    37655.0,
    "氧化",
    "",
    "",
    "支",
    180.0,
    42.0,
    2.1,
    ""
   ],
   [
    "",
    "",
    "105-257",
    "氧化",
    "弯料",
    2053.0,
    "支",
    9.0,
    42.0,
    0.105,
    ""
   ]
  ]
 },
 "6月份包装工时工资表1": {
  "nrows": 39,
  "ncols": 17,
  "rows": [
   [
    "6月份包装车间工时表",
    "",
    "",
    "",
    "",
    "",
    "",
    "",
    "",
    "",
    "",
    "",
    "",
    "",
    "",
    "",
    ""
   ],
   [
    "",
    "叶富英",
    "朱学兴",
    "肖翠英",
    "李自芬",
    "文惠芳",
    "吴春勤",
    "顾桂凤",
    "应采兰",
    "谭玉芳",
    "彭显梅",
    "应采妹",
    "施建华",
    "朱松英",
    "合计",
    "",
    "`"
   ],
   [
    "6月1日",
    8.7,
    5.97,
    8.76,
    8.65,
    6.49,
    8.76,
    9.58,
    8.65,
    8.65,
    9.65,
    6.28,
    8.76,
    9.58,
    "",
    "",
    ""
   ],
   [
    "6月2日",
    9.61,
    6.3,
    11.6,
    10.44,
    5.83,
    11.6,
    10.6,
    10.44,
    10.44,
    11.6,
    7.0,
    11.6,
    10.6,
    "",
    "",
    ""
   ],
   [
    "6月3日",
    8.32,
    9.74,
    8.44,
    8.48,
    2.19,
    8.44,
    10.77,
    9.21,
    8.48,
    8.44,
    11.14,
    8.44,
    10.77,
    "",
    "",
    ""
   ],
   [
    "6月4日",
    11.02,
    12.23,
    10.41,
    10.23,
    5.88,
    10.41,
    10.41,
    10.43,
    12.23,
    10.41,
    10.43,
    10.41,
    10.41,
    "",
    "",
    ""
   ],
   [
    "6月5日",
    11.11,
    5.89,
    9.75,
    7.04,
    5.23,
    9.75,
    11.52,
    7.04,
    6.89,
    9.75,
    7.04,
    9.75,
    11.52,
    "",
    "",
    ""
   ],
   [
    "6月6日",
    8.53,
    9.13,
    9.65,
    12.67,
    4.0,
    9.65,
    8.91,
    9.67,
    12.13,
    9.65,
    9.67,
    9.65,
    8.91,
    "",
    "",
    ""
   ],
   [
    "6月7日",
    9.38,
    5.05,
    15.37,
    14.14,
    7.05,
    "/",
    9.0,
    14.14,
    5.05,
    15.37,
    14.14,
    15.37,
    9.0,
    "",
    "",
    ""
   ],
   [
    "6月8日",
    10.73,
    15.73,
    10.26,
    13.1,
    4.23,
    10.26,
    10.53,
    13.1,
    15.73,
    10.26,
    13.1,
    10.26,
    10.53,
    "",
    "",
    ""
   ],
   [
    "6月9日",
    7.77,
    5.26,
    12.97,
    11.92,
    1.98,
    12.97,
    11.19,
    11.92,
    7.27,
    12.97,
    11.92,
    12.97,
    12.16,
    "",
    "",
    ""
   ],
   [
    "6月10日",
    10.71,
    10.5,
    10.76,
    10.62,
    6.81,
    10.76,
    10.88,
    10.62,
    10.5,
    10.76,
    10.62,
    10.76,
    10.88,
    "",
    "",
    ""
   ],
   [
    "6月11日",
    11.0,
    9.5,
    11.66,
    11.3,
    5.83,
    9.45,
    11.02,
    11.3,
    11.71,
    11.66,
    11.3,
    11.66,
    11.02,
    "",
    "",
    ""
   ],
   [
    "6月12日",
    12.17,
    8.99,
    12.11,
    11.93,
    2.31,
    12.11,
    11.08,
    11.93,
    10.15,
    12.11,
    11.93,
    12.11,
    11.08,
    "",
    "",
    ""
   ],
   [
    "6月13日",
    4.48,
    1.46,
    10.3,
    8.88,
    1.5,
    10.3,
    7.59,
    8.88,
    1.46,
    10.3,
    8.88,
    10.3,
    7.59,
    "",
    "",
    ""
   ],
   [
    "6月14日",
    11.16,
    8.75,
    6.26,
    7.37,
    8.24,
    6.26,
    9.23,
    7.37,
    8.75,
    6.26,
    7.37,
    6.26,
    5.17,
    "",
    "",
    ""
   ],
   [
    "6月15日",
    9.18,
    7.23,
    13.14,
    9.18,
    1.48,
    13.14,
    11.81,
    9.18,
    7.23,
    13.14,
    9.18,
    13.14,
    11.81,
    "",
    "",
    ""
   ],
   [
    "6月16日",
    7.32,
    6.65,
    6.54,
    7.43,
    9.68,
    6.54,
    7.32,
    7.43,
    6.65,
    6.54,
    7.43,
    6.54,
    "/",
    "",
    "",
    ""
   ],
   [
    "6月17日",
    11.22,
    10.85,
    7.68,
    10.27,
    4.0,
    7.68,
    11.22,
    10.27,
    10.85,
    7.68,
    10.27,
    7.68,
    "/",
    "",
    "",
    ""
   ],
   [
    "6月18日",
    11.53,
    9.19,
    10.14,
    10.08,
    3.7,
    10.14,
    11.53,
    10.08,
    9.19,
    10.14,
    10.08,
    10.14,
    "/",
    "",
    "",
    ""
   ]
  ]
 }
}